lengths,returns
95,-118.63850385810406
108,-151.31627129232825
63,-38.64482443211193
92,-105.46685814608968
107,-132.67765963183305
85,-26.64227481842202
97,-106.7062114413263
115,-32.01502991782273
96,-189.7351664141297
72,-116.40241902974203
103,-40.61522032510656
96,-103.34591538670873
88,-15.804901978633328
109,-39.750846552743816
102,-195.14675029821674
127,-31.478068318772117
100,-92.22252856082163
75,-32.390118351909955
62,-135.57347405334784
92,-16.17761506117052
105,-139.9560788549468
117,-38.45204528046846
65,-61.66907850930486
181,-45.18008310865655
80,-91.51293356060688
100,-163.47730359497066
64,-60.44080726149909
118,-102.50383025537316
74,-88.05115939795124
69,-83.65633227558446
137,-38.899848398192084
65,-53.3678314557822
60,-56.03526542766586
99,-74.54828443138193
90,-125.08687733886953
82,-32.33718067323186
98,-53.09611661238825
72,-41.732531080701726
118,-103.19412929402598
126,-110.07145504597331
149,-86.93948206655085
107,-34.47289834502755
100,-134.96545170918978
119,-40.37352869666263
94,-73.90416090357058
68,-81.92246231093047
88,-162.74089785277002
89,-105.18143858244699
98,-50.36696336346137
80,-90.12974503138605
71,-35.159666473323625
126,-25.1203770774159
86,-133.10400353190616
100,-71.75123357308622
74,-38.0369401345711
118,-84.0251036404706
93,-209.23199916459365
122,-94.10944398244993
76,-55.27136970549168
70,-43.25048723056319
74,-114.37428450427612
126,-95.2354910509271
121,-71.0840552461243
70,-37.92102854607061
77,-43.07644496606331
70,-106.30609296628245
103,-80.00047787088515
76,-67.90645139032321
100,-40.68505160667631
94,-70.11828789034622
101,-64.42211316323647
73,-62.874093911842756
69,25.73190003491106
122,-37.169853019426256
102,-150.9506395985819
94,-39.88343531531979
126,-115.70796755403715
92,-139.22375506210722
69,-49.98366720021774
119,-129.18487087904552
98,-74.53563879024239
140,-35.64130614933318
108,-97.85268887493164
117,-85.6978642848241
149,-47.394433474010555
95,-59.82265480721339
71,-28.356571647103078
113,-63.92648233113961
117,-72.62608270242511
114,-145.7979652388468
105,-52.66442704977709
68,-68.3130533621684
122,-54.06591156666487
98,-54.44973594781504
117,-57.335541123108506
109,-37.71100397217633
83,-140.73611864091757
102,22.702665937060257
132,-39.691911516011096
110,-64.47940154609869
113,-47.60379350634519
83,-46.556660705423376
85,-98.3387071720946
127,-128.7108738746734
94,-151.9179776997523
80,-68.48506331694652
67,-105.61586405761685
106,-53.54949103637686
82,-83.75723106636772
95,-8.956573357155268
113,-82.0832234437356
121,-137.31810509891514
100,24.884307143719912
113,-88.22213475918312
100,-180.6895664558456
106,-22.60935493997821
95,-34.91679368421118
114,-85.20311909421352
119,-54.58440625960206
95,-70.12248440498344
88,-18.284953927515968
128,-51.43932441818411
108,-37.476664118587806
100,26.87950367069204
163,-80.2366144894013
88,-37.30813148680716
77,-47.01358495189496
70,-76.56901423548082
83,-65.06932620373543
110,-148.14271862489298
106,-126.64983942894645
97,-55.68093181228917
98,-7.076675625859093
152,-21.463853204782378
125,-40.23793044952813
139,-7.831930944516336
90,-62.75560734035152
89,-34.67632741953007
133,-21.991661660996243
138,-26.820795372283072
100,-95.49132306001817
69,-43.92097914709583
113,-58.64453446557158
119,-23.322148566752826
185,-34.34631306747874
152,-39.73147246962949
126,-18.968607772006468
75,-40.83340216954378
128,-22.879491596214784
135,-71.23231911968439
124,-101.2040851060387
93,-50.39693736822443
89,-64.96565909610753
117,-18.408779999241208
83,-40.08414224479188
105,-66.91346107499768
73,-56.71983399234462
130,-21.062228536456566
79,-43.66012615540224
132,-74.19071464849134
106,-76.27961067674862
110,-62.896078725818825
106,-65.49161431739569
121,-74.65243190188879
134,-22.99626694017033
92,-81.51588921882318
110,1.6346731375506327
132,-97.36108625432982
101,-71.3424036864044
99,-81.01241904525264
115,-24.03954503252886
128,-31.91558597328391
114,-33.636112492927644
128,-22.908117843812406
138,-39.70897785451263
1000,38.27725203640175
98,-64.63144089725841
83,-86.82692742379332
126,-40.764974861488184
132,-52.19236018908484
94,-70.01750362663705
113,-85.78584064102593
95,-66.28162293912328
81,-26.9522165240277
122,-65.81695675279313
82,-18.629863285888156
76,-76.31054207431276
124,-28.062346780107134
97,-71.65842714997352
121,-27.962416509552398
63,-36.42919683651021
103,-122.17386201985457
110,-52.185200409588624
64,-59.75542907995251
127,-38.15458499365402
91,-49.151575290801915
152,-5.996571088548892
105,-89.97296459120548
117,-67.11991369248453
69,-59.915629588293946
107,-84.6537162845439
118,-103.25642939504971
113,-23.783696921540205
84,-60.59262134408111
128,-50.70526784778676
123,-117.305229562567
127,-13.941504812616412
126,-32.69292917129333
116,-54.7433164121569
95,-20.68369062583162
98,-60.130933373043135
98,-74.6159475159236
108,-138.96753219505848
119,4.891226704648505
94,-114.7225359491472
148,-14.753605507218172
156,-18.32762149634838
102,-5.261591875518227
122,6.553694357846745
89,-37.49445539058304
134,-55.341388660439705
127,-69.42586237074214
110,-68.9439953208764
136,-11.06556864121038
149,-13.564791033244642
113,12.58024868738446
127,-71.79126287614137
114,-114.67929932803939
129,-59.3439475931451
83,-32.59714318848947
112,-158.67346986689788
124,-96.1029764935638
126,-43.42556349839304
108,-168.49793510652302
107,-45.896370053121245
97,-4.599544960600113
141,-27.62994666463128
107,-52.30837475222798
110,-25.39393393191114
114,-13.210010524793558
98,1.7817005998137958
106,-22.78667152999741
96,22.688066839874207
86,-35.960855845517976
67,-51.16668504618709
107,-125.34571216051928
120,-64.26513850454135
169,-5.509574548170985
123,-29.271380963162567
133,-37.315516142344464
113,-22.923956625570742
87,-48.093945826245445
114,9.098002241068436
100,-62.80062637172597
107,-25.599345091277282
119,-19.043023267872602
103,-114.68445298104052
155,-13.730782719225534
128,-38.72793435468282
84,-54.989791243733706
110,-41.30100246481851
139,-17.79445860983681
136,-35.648244648875334
152,25.68949885345122
173,-10.92617804361392
94,-51.96720534425143
108,-16.821821419243886
131,7.1063149003494726
101,-52.89985254184741
124,-5.903270782542293
139,-14.048901968012402
117,-86.00524283035332
199,-17.563206517535896
116,-46.97606597125551
125,-53.90136558174862
117,-68.73917393858216
136,-13.912838929743769
153,-47.65832196219272
123,2.3478751245980938
97,27.753623135256834
107,13.263281568111932
72,-29.206308901910354
169,-18.203297768819553
115,-89.36299154057106
71,-55.30330404715662
140,-40.85921184962216
102,-60.813616882941524
139,4.471686694591019
103,-129.43629502018987
116,30.748515860763824
83,-0.6825435063462805
113,-31.129791597592476
140,9.580256044076535
138,-27.12360113394998
79,-26.08253884032573
95,-43.263900747649835
140,7.710308829070917
115,-31.706601241279245
160,4.38799995506147
110,-43.321876935238116
178,-4.535459568693577
176,-8.897174776276119
117,-61.59758778009759
108,-116.23067087543652
122,-30.518967640889205
191,-36.893301024725645
103,-85.26940072850182
117,-66.93780994736217
114,-24.306492014388006
131,-23.799608466706648
143,-12.140132037051474
100,-21.864007577900438
116,-47.44403438423045
215,-27.472467368794778
95,-1.7027831961553868
113,-25.926230664295975
166,-14.970441442737096
70,-39.63203423775869
115,-41.29703649204028
136,-8.671165106857867
125,-9.732379425487917
91,-18.2399638346402
105,-45.3053003788884
155,-25.445925520293997
104,-29.953389957732675
135,-17.477225697783542
91,3.0597323467750046
126,8.284044566232536
170,12.107857318921944
138,-11.542102614034983
153,-20.36174173788666
146,-36.0036092913729
115,-23.382353321062652
120,-38.56848016208651
137,6.244372976325835
76,-16.065884927637494
132,-17.885494254396367
80,-87.9420335912392
258,5.389735948626287
203,-25.813841386502045
161,-9.464720423339712
152,-39.65704259328648
142,-51.13888112897156
92,-55.27843040376708
137,2.7537664163962905
115,-22.325878186004307
210,-4.569738513680733
129,-53.77059646819493
138,-4.811620320685049
170,-35.49594581447723
113,-15.445458352626645
132,-30.828901889915084
231,7.188135355670816
116,-161.7894143607459
135,15.143476356553348
123,-13.58144312019129
154,10.998911734982379
381,9.936376248138275
330,-2.0256916571857815
129,-33.507984963917984
231,26.781557169328917
319,4.221863322711973
168,-56.44309419955181
97,-1.056215877442301
438,13.56544725657821
100,-3.581798522416041
123,5.197440628431781
148,-10.053047347345707
156,-7.795163672368344
940,17.437636743738484
119,-28.735758170794778
126,-7.592394380764112
154,-22.657953571518537
126,-95.97455552068995
210,6.233635197847295
730,16.00838075440785
89,-21.71010118908372
116,-33.393162618050404
249,7.315499151312839
170,-14.295113190685369
166,-5.991361945648066
256,4.314851671614108
253,10.07587630064696
174,-2.800463616897228
94,-5.833261400597658
146,5.2136931024733055
156,13.563310322440682
434,33.31393340693697
104,-11.424360923494817
184,2.4975484394090333
272,6.571968331958422
1000,22.437868308143464
206,-5.648751354118632
331,1.050507260111412
177,20.190136929915035
224,6.866463175416436
1000,11.110960239382939
1000,41.81633997771905
169,-16.309386821664283
227,-12.888285149476758
196,-24.550621980672307
346,20.675956639276322
1000,24.097257224650598
384,11.721236330423146
248,13.148202976980592
1000,34.0306784533643
114,-39.19275013589833
353,17.91343223900062
1000,14.957000257776887
126,29.898432370641984
126,-23.86779338671194
252,8.570359910632032
381,12.207358617407735
307,18.756098300802563
1000,18.340156789027315
80,-16.071374051746876
1000,20.50993030185169
715,39.68599075081609
142,-43.52805937418243
1000,11.580097758786726
787,-12.231905069621874
195,7.520715074933405
111,-36.135669775393936
263,-1.2691086957895181
1000,34.554414096215204
364,7.134944106022107
212,18.647466025206846
1000,25.985712522916558
1000,13.263431684635142
136,-39.649924432181066
1000,48.62304443756232
113,-20.44046739000873
186,-32.171043281998514
127,-88.40807183360313
190,37.98583332007006
131,-22.17393797566103
159,7.174699501694255
77,-204.5669900991893
142,17.15699550136279
214,14.189041709650768
696,33.07555393037966
838,33.00109048924343
207,21.85650717892631
107,7.282011919256929
525,28.47033473726285
1000,-5.98831535708867
1000,16.863480724976903
1000,23.98651959311381
1000,29.895939942831316
1000,18.475420065197916
288,-4.191209115532666
1000,39.51028525968558
1000,18.624952981903103
1000,12.502296945263014
1000,-2.6421714708066393
1000,0.4068066669955744
1000,41.499289728963554
1000,44.41460284651471
1000,41.10081588409864
172,21.321067008136026
80,-21.477897534925035
1000,45.37425570019238
1000,47.77983719887199
1000,22.973534499468
1000,14.450885599951533
719,29.378383910123404
1000,28.44879750274516
1000,23.194459859754925
1000,7.267986674077359
65,-98.96198493381907
1000,56.828494870304404
1000,-2.1320153740207552
1000,36.29975144352634
1000,17.20916098370717
1000,19.16728168188521
1000,6.20298997512533
168,-2.023028333567879
1000,11.115917248194373
1000,23.157777218140005
777,27.245814493197244
1000,17.319570758781207
1000,19.508320371876547
1000,18.790528972031034
1000,15.380086236571726
1000,22.112039504027962
1000,-10.98145916049586
1000,22.003466136322285
1000,5.210544705719519
55,-66.38766736103845
968,54.47920451485544
1000,7.084272904021403
1000,8.06112170528907
361,22.808070161125652
1000,5.254954431976618
1000,22.906900449675064
305,3.7964609264501803
1000,42.71069209875616
1000,45.95272726142715
151,-15.809384894263195
1000,29.73266671897935
1000,31.89017166932352
930,59.27928816762107
1000,-5.913100322063069
1000,17.16576887045041
197,19.99344640792727
564,8.473116606455731
678,39.2598788242782
456,26.90233267966035
371,18.812960434726484
1000,31.515042431602893
749,24.88615020706732
928,29.045237789998687
692,56.520651483053605
1000,14.448269904420659
854,12.273879747136757
752,10.163613654360667
735,36.570518435229864
154,-49.35226782649901
1000,14.160364923861305
214,-2.549685713308394
208,10.67476523528475
212,12.41290341139249
557,-2.527177757992356
274,-1.3257608029268355
100,-130.20429717603184
197,16.767879658683412
203,-33.94608450652352
180,-3.543237555292551
193,-24.672191782459713
157,-3.8837596000896655
251,0.5096342849821862
609,-9.390649647565912
242,6.201119365427643
141,25.255325920436746
144,-25.39724189875126
191,22.89986527373564
373,36.253531709999
71,-54.17226659577375
126,-106.47594913061067
273,9.722043651976643
142,-17.687968238467278
180,-5.704554853697999
102,-59.898606532501546
144,16.82685502068378
493,12.85411517905684
570,34.48114712830704
456,17.597643234718173
271,6.574870206123324
227,12.735466183206395
127,-19.48575373333871
177,-49.2966488549394
225,13.84955222114594
174,14.57059866149074
166,-56.49649737941443
247,14.748875018017115
349,14.196821024394913
242,-12.388218015015996
220,-0.19869513690653873
441,-2.5799681119196918
438,22.501373963252615
219,10.094224286502811
464,71.99929326919313
420,7.71227441794367
346,46.64140398777544
289,-4.812536523001401
616,23.72727275489646
574,5.78235018016955
883,74.72574336151486
392,-6.432389504084286
342,35.768443005607594
94,-62.827944785111534
272,31.341269770670046
916,20.27133974775329
204,33.333755041327485
302,26.559746129032895
875,28.868655562705825
169,-45.59584978138402
689,34.69220110701997
1000,15.608965120334977
605,24.911963079522604
1000,17.904432285596055
771,32.31295885040466
1000,-4.4269847378280405
1000,17.865198112697257
200,-20.26087767885885
705,-10.698504131364643
481,30.75482592522321
745,40.71546044348354
861,1.040152443110222
778,37.96458011921179
951,14.792568767704884
546,27.096005638345385
66,-4.685854270996096
68,17.43761527269046
185,-32.72675976364674
989,5.349356097597778
221,28.57183076855031
703,45.23772765637546
660,29.19031422608764
550,41.24089583116957
409,19.866975906730378
123,-6.798561050773456
628,26.405560943523064
368,69.92579667316186
224,-10.242922441119777
427,12.515567307358644
93,19.362817977826204
404,70.44102505734043
350,50.05967372755185
84,-7.369536969589576
381,19.692597437092257
327,34.46598300691806
383,10.731054177381695
298,-6.79457671585491
663,26.28087028585004
479,27.346732220858268
350,2.83523892113395
459,42.970464884661965
124,-5.256289901445468
616,10.847271953195724
182,42.33569460286911
74,-23.572890783512708
357,24.681691226125636
164,43.16240129236456
451,43.97884539472532
366,54.395207632956456
389,-4.869034538766481
337,50.38271218871289
242,18.7429001966892
523,3.8423934746677215
606,38.52288335713374
625,24.974950087788987
466,28.874867688125814
339,44.85006831017813
410,15.552425676178288
125,-41.37053922786061
356,42.635856230696895
498,44.689657262702134
354,43.23086957909947
486,54.760206333664534
104,-25.180265870067014
612,21.53828615738222
748,54.991783401740456
330,48.64286972336948
284,41.71019940160142
401,60.00137734518977
888,42.25313714025528
74,-28.163210029209313
516,31.120922355614276
468,10.120969129045235
302,45.46405998230042
567,38.85414433724196
375,35.589363890690855
336,56.70272185660492
663,31.76970652619343
357,46.42177385654216
319,48.16304929207948
167,43.75167531579988
128,1.012119515630579
404,69.99814764399937
112,0.7053563889583483
355,51.36457058054451
512,22.632329613517282
659,37.03825948471966
900,49.82657662760513
509,28.523386109904614
413,69.67019792464846
484,22.54820042737014
620,60.68763646113919
553,71.50610110992436
216,65.29461265771893
298,46.03829461590406
132,11.418560121579613
117,3.8079764847211406
393,38.23422388236121
465,21.57227767277788
398,41.30597546671816
596,33.130509230208325
81,-14.944925311613769
282,44.612900805664935
386,48.26113440916314
320,53.464559758191186
244,85.81930399250517
106,-82.5286650802956
287,42.87032495453894
294,47.08244817736691
500,29.869905882378912
660,26.156580392832623
136,35.973264966836794
660,32.184309064338464
508,70.51563121656817
729,42.27933344670412
406,23.79720462257853
919,33.290053352504984
690,29.81088063446257
661,35.37640417344274
673,32.6861675632889
1000,53.7993486465415
437,53.74339629863555
355,52.06260689204757
691,50.265595361109916
978,33.723967125828686
450,16.647796694102
173,11.054262061272713
622,34.9272949856981
354,32.847490389585566
696,19.14089431794168
1000,47.23310103754682
377,46.05140451101474
163,34.454412075791986
578,33.769218778472215
457,43.31195508892208
445,67.96097724749932
160,29.582618352215327
175,25.11711593888167
89,-96.36223028491891
563,34.313613312004215
631,-0.7786150375329082
190,5.010949053261338
359,14.400216387905177
260,40.79421568967251
666,11.888868234555343
679,44.60566937680777
368,21.30643951486168
269,38.28105385416342
460,25.66507166418791
324,11.857006376381646
288,47.740651450559156
627,27.798778125957295
96,-147.18326610741175
254,29.561951161740865
184,43.73487209957442
165,-50.354450387266375
626,51.38693047237452
329,44.850281539199244
118,10.696706098301137
678,41.538356370064726
124,-49.46548406317801
100,-112.95025211891414
317,59.816734076441385
361,54.23382948854499
445,24.69499949923837
453,37.92682075206215
425,37.22268295842495
241,43.44633181063421
167,-6.852637755590872
716,25.086214596398037
729,29.163241413740945
372,59.497319709580324
779,31.12844053024021
692,63.00746962733348
395,46.53751802243895
394,30.5781771493723
429,42.94036336643339
347,26.17339879804072
461,49.858724504541605
545,28.371385288846017
363,26.29859284936735
473,31.13543201520016
375,53.526057713016115
398,42.74327975361591
280,31.106314791223774
464,20.664807702185715
571,47.43072147829619
527,50.82743593457112
477,29.495929259538816
343,33.00146822784127
463,23.42754968897255
421,41.44890849740719
375,39.56333978677283
518,56.40142181369259
575,35.83841316076885
646,56.156405581189084
275,29.70234393915677
502,21.410000338485226
247,63.163999096290325
444,23.40312530875394
639,71.88554077409424
762,37.079463279395846
773,36.2977601460007
379,57.88221926501217
464,40.176387604304026
147,31.56975166871132
373,64.34547305833017
659,32.171815852985965
459,58.34442532779768
625,25.49773134535962
377,22.842925979999375
342,40.94876683181388
364,68.60952657639169
383,40.37335861961301
337,31.749274651019146
374,30.945915087519726
550,50.55002630421498
428,35.495912970199264
654,7.876245839830691
491,24.03302898677772
396,37.94506476214122
301,26.27491908539994
153,-7.619530305653826
315,72.47447691870266
97,-63.95809859713951
464,39.580175390650055
345,48.515558161296255
109,-47.608619274818125
320,50.64683914292884
335,52.81498471205284
308,35.4176814107948
413,55.50501666990674
506,20.471448451124544
288,30.698782609918155
339,5.535661717192944
330,55.42958952531574
379,19.124616478540688
201,-7.947245408810488
443,37.512485746861685
395,33.3739156661984
266,72.26827242135757
118,-12.425295764151487
317,42.449452316073874
160,51.87405190895136
357,41.268156703018356
418,39.52621255224896
150,-53.65261320191254
380,42.48575468345423
309,42.755504442665455
485,29.683301034902048
239,76.55955601950224
388,48.021512549161436
333,31.006558755323567
376,25.783118508778887
325,64.96850118885175
300,12.137341879018878
274,35.047376315203294
358,13.358894489601397
369,71.08430597579904
456,41.00735932635841
368,30.20592075627477
189,97.90020040513593
215,42.403393143187884
321,38.536894982899
309,36.182253971369555
412,31.835214670784197
258,1.0921851061638783
331,19.45372078102973
213,1.933944598384013
378,24.98502494254255
197,-9.807389072970299
533,41.9136991720456
384,46.2351905722347
635,23.94308053379429
430,33.38464943180633
754,30.07222878098613
386,47.67663195872965
272,13.850180789121222
364,24.524043183748113
366,36.742607152599525
320,42.20807097106571
749,33.16561520858506
167,-30.64095495180044
237,-14.858929348471609
295,69.00665208816322
359,-23.150540014296503
362,15.857601383995986
281,41.93137925852988
108,-42.666202414095345
805,42.06424282064773
413,28.948408694891864
282,78.26678926677316
322,48.83879301941398
542,29.876622503308973
260,61.21095549037221
105,-105.24951303759869
355,52.92197018822474
473,10.918946433882143
284,46.587445614528264
354,43.851560519125954
174,9.627527764991493
298,55.431178885922925
482,57.3752318702778
314,61.205152023995616
281,65.45106349561335
549,22.091722939873197
330,32.94179952972746
429,35.54168909215277
728,4.210150379652044
85,-96.66450720621339
294,66.64126682877183
777,33.570693000235735
349,49.94473684743284
78,-51.38035204778432
350,24.743273202280335
729,34.11955647319048
207,96.64310779943482
337,21.828699305693604
534,16.813808410197346
304,48.19338171650296
391,11.384644152083892
232,0.375200135375946
695,59.51030499216237
476,12.000885025540823
518,49.40316179343893
208,-10.109896279739768
544,28.377284339733734
276,45.751254385229394
93,-57.86115655665319
401,46.96628770105224
287,69.52253061293341
733,45.97357013583098
327,43.244599590326445
204,79.25062637938062
878,14.789079994742536
369,21.97698449644198
481,24.678015881672934
233,78.73028099492386
561,33.513977647027865
344,58.69112509291308
250,72.84714358123455
322,15.809159934357565
312,25.128701152259836
334,51.84228693127858
107,-96.24085498836874
529,19.929990097794306
344,16.05975317232812
785,5.048793448408304
283,38.88611035317619
399,5.838612979432307
226,9.30362842751681
226,-1.5577808893278515
212,-18.865354405625684
110,-94.02910824131034
369,21.69878995443007
98,-152.20367623184822
380,46.45677176476535
207,-18.185529436087663
240,15.053678949158654
223,-6.221827483688002
137,23.502461475166143
294,43.52761956935037
102,-31.475478695701476
320,11.894738993654924
287,49.535476991832034
274,49.93769801575026
339,22.499025795826615
124,28.148893767423303
355,51.42390291396375
647,20.963033340017443
196,17.12064487897746
172,23.30239727692124
186,-38.30878033073762
118,-44.52546727331797
128,12.208230197963132
365,11.841303348828172
315,58.250199535663725
356,7.491775071612666
164,-16.787056891202308
120,-0.5399858501185755
147,34.87681675257781
180,-21.686556744130367
281,23.66481094327924
340,42.06556812183616
458,45.88456288088126
368,50.60644054587271
280,24.297385837199847
204,-0.7015478912521962
212,-7.920059058405047
253,-10.739242710665602
188,36.55802163676266
193,-26.415601187653277
255,1.9947126838213631
530,73.09867461383608
291,53.716431846715594
381,62.55504806243985
291,10.536239368882237
302,62.16539758778329
151,24.945277209260095
671,75.62406764541466
290,45.262549831273475
210,11.795072385307114
302,-2.7498313461229937
194,-1.0045548010733258
215,3.0287682739536463
350,23.041103760413524
108,-49.52046422170855
156,-81.25766114178506
254,31.955470818089278
324,23.70298321330711
157,-77.454263702044
358,14.089362681132938
85,-234.078745033387
870,30.288080087185662
1000,25.806150857234172
121,-28.42944602218269
164,10.575778922132702
491,42.297745873053636
124,-82.82870318318184
377,4.0844047406828565
295,37.69726802998166
271,33.22885875198664
275,12.398222091701259
1000,53.70730962049944
716,25.851349207186132
314,62.62445477617571
340,47.24998595886582
136,11.745895530889744
1000,28.66685921860154
1000,13.169714585507341
534,13.192166714225012
371,8.797189813645335
746,32.152565059531675
263,51.70810514689164
325,8.351650448642342
379,64.89400542642461
351,5.343102502121534
481,36.20318661494202
116,-0.08876885782127752
238,13.048338291885266
231,54.49256774469382
147,3.883901705158518
191,-11.9995138213812
408,46.73383277439628
496,23.287403112183156
335,29.889172198897402
598,18.743498243659893
591,54.418914929995196
292,9.63526945405473
437,62.39513499490396
163,49.24638036314978
398,38.67374121281826
304,40.0298231985035
315,30.039078402585726
434,67.9317261421195
309,34.49362902701582
183,22.56110898152826
167,13.011694811754756
551,32.99864521541603
529,36.99230999539365
288,36.24531616034061
361,38.93431214822717
533,16.542268191568866
267,37.4146293273668
722,51.705929068356454
458,40.20345505175309
286,54.75020312533089
357,47.66842678479274
271,40.30909965271819
428,28.506368087331516
303,41.50829288825184
450,23.066807400767836
371,34.39729514870178
1000,36.99134063728419
462,21.951803046938245
412,36.58224382813964
253,49.065789794623875
320,29.77379567905055
326,31.1285684076384
743,41.80933404488569
355,44.314918049470286
374,41.744629314405444
393,31.61182468681336
279,72.13058129149175
870,37.265805005304635
389,38.419608490404386
573,37.23796255041796
525,61.89467949057584
362,38.16219137028522
384,50.24487388331173
421,38.76617991705468
559,47.01854491978795
524,35.383822892809036
254,76.70043711297765
251,65.63971200141644
323,40.654064128544945
391,88.80941162674898
223,86.35906797627901
630,46.608813730593944
566,39.29545317741921
261,74.05500809701448
259,57.86673704136655
330,53.18083122359667
329,32.18925178745403
290,52.07238017089755
100,-128.48468332460683
447,32.008650101962544
230,68.6093438649232
416,35.39314735751061
190,78.96741338775689
228,29.517232891461383
229,36.05266043844636
288,69.2545967659854
274,100.1039620182842
412,47.2290668860327
269,68.86402096897987
307,81.24249059341744
387,33.52351473110033
349,47.290770427238925
231,0.9246470741377217
413,42.048258081073186
166,6.759283911167947
474,0.9154555463937084
266,73.08130347189137
276,2.977718792012239
286,-13.327349217125038
306,10.243530600775223
280,25.80289571795591
356,47.092667672599816
137,28.07194323788779
184,16.12604726616059
379,33.73185563167858
430,40.46208359816918
409,33.877217622190535
260,83.88068674448172
145,31.54855680194536
371,39.1197919963609
312,37.12893311595268
268,19.888865842716136
239,76.26969983594113
101,30.661375674673756
549,45.16072471003995
114,31.097602350427984
233,14.009006735238623
327,52.32117031521901
306,54.6249057358989
142,28.887212981480577
278,48.79116482516829
357,32.91966583817302
308,48.66424194346704
517,64.78162377434765
158,35.82871745190189
475,57.79355149032311
130,19.337666272310475
343,25.150676009718612
356,42.4327192462471
142,31.873064047449553
274,47.24309072465891
364,84.51066611564733
294,45.31967739009054
380,54.84794865693159
541,39.32230741716886
547,42.626113442475614
281,42.29870902211275
209,74.25988815308388
289,45.036924831886786
140,22.12099644013844
317,52.28068386788217
229,76.58021504384438
325,53.759487044397154
453,44.76142852648625
212,30.39187883720232
248,57.79516373754475
264,86.19121181163466
860,40.12653557278625
230,53.45068361937072
341,35.928826120405766
238,66.27658879177956
720,45.66845433649453
126,21.02428603869757
629,48.38384947645089
425,67.44275910661645
415,53.49559558176514
307,43.716118193307445
210,22.537504322831317
270,38.26416007150514
250,68.29499967618568
122,0.08107655601026208
234,43.192725006335806
189,22.439530504853035
331,36.23836641179863
575,57.14529604283319
329,49.787197321367586
244,68.2853066450563
637,26.59905453987536
367,36.26005864471122
239,97.16361363927636
231,76.83585814756277
236,81.93212393103282
149,-89.88292854809303
387,27.163677324059506
301,54.293652752606704
280,20.972039872255944
504,71.47530282020963
322,51.21246512272449
262,22.544864829735367
274,69.29379903899095
231,-5.648972560125374
211,50.91497332432487
101,-184.3357832933745
341,60.42326509428145
497,34.787291334479285
725,51.696063212775364
220,93.08288103503119
352,48.57085931564781
216,94.33581856572862
207,66.68776884623978
318,21.017181637495245
456,48.476565792248365
112,-19.146886367867648
792,34.54964269398093
431,47.271752745512465
206,80.56014020250967
209,50.33485737761511
193,-6.0594800799759145
282,74.65449251926728
257,50.22995546102219
638,28.12046070024291
986,44.93353207458603
216,79.20215088683852
249,92.97058289768233
209,87.75126923707376
206,78.07734065374734
210,22.732453755014173
277,58.40791027406247
454,25.559468784110976
403,50.78437831475422
219,64.75412480295353
188,40.32268229509817
229,69.19296179423092
254,53.16420423296475
780,29.757357327929707
220,63.98352953490081
619,44.22178149376434
81,-65.65151067186156
310,47.25546794125226
284,32.16531984150585
169,10.461202910744564
243,89.40852651008157
311,53.38517435155449
222,50.08752455957165
199,89.64922867829306
349,46.3631614701461
93,-122.8128880479584
245,54.297558253752996
223,91.36762421836679
261,72.48728404452697
388,42.30503446601267
963,33.0557231739224
198,60.89316640294908
243,58.88552073260237
456,55.79444611880841
258,64.13380304315923
197,60.98530714078799
261,73.78903601048445
226,60.40630712721764
217,62.22584190216657
288,-19.467697064955225
288,45.05134620462359
164,25.35197862543831
285,72.4567717738463
81,-91.08798925677205
116,-11.422749909839112
137,-122.05482038051137
160,-23.40877917110822
286,48.63551362799172
339,76.5557949046072
128,-71.44703714680983
104,7.9692734867762125
238,49.19812673483346
140,38.03391103646735
753,35.774801624297375
210,69.10536002899448
277,62.09489579506757
270,86.19282645259041
302,52.20061259109033
310,61.97999613135178
422,91.6531028082596
333,37.738877957117
173,12.808117337388387
102,-28.207297905653036
93,-39.899061911739444
853,37.08123773665078
713,25.3026863583237
997,28.658646278636148
252,47.77013367492386
379,61.95878859964921
159,14.444806891035045
182,15.449518847142642
167,19.56325562132723
324,54.04617430873054
260,77.17205020408602
273,58.20658038361062
327,65.92093339334976
108,-91.56589683341387
131,-14.87041477238929
638,40.27113444432622
477,44.168241869240184
98,-47.743294240441834
186,-18.198595729132226
291,40.324122883414006
382,42.1005059880012
279,79.62400370764405
185,17.634955058717832
222,41.88439076535085
1000,31.624511392315377
146,18.768866440829754
176,19.91353296096053
361,24.836586755249
219,66.98441627489662
1000,56.526934558340926
122,21.549688376934917
449,37.39404337269866
206,6.030102844309556
216,77.97722544557637
269,45.146964260560836
323,41.49592903168025
249,61.0038730713445
913,27.301754366334716
212,57.94668965474297
454,33.354088511213526
222,84.11758147733194
415,54.37377748099086
353,56.584764027271675
626,51.54443007552282
302,55.9690558438355
189,30.79954549288792
422,61.046125569869155
282,91.13103656391752
262,83.50689723791075
237,70.63444437278758
241,13.417539043096241
234,69.50094355112633
543,45.61988270592976
452,41.02855793127035
247,62.14016418868929
538,43.06298372963854
411,15.910372447411973
239,80.2384619030659
467,43.34628434466118
707,40.47101472860214
1000,41.39626659302193
515,45.84104750046708
1000,46.48075392255947
576,35.1247365787248
283,72.2227180084747
224,64.95045299827466
308,62.100997733800895
325,38.706029756788865
367,36.67641708127019
219,12.627534679910566
436,4.767789891044009
594,37.53690330980475
229,62.038227676444315
355,24.66381404127971
1000,26.893017005757578
372,36.98064800822258
425,25.97499352367716
344,46.80833065797089
213,63.79836200370326
204,67.55598025729714
197,87.37743605303972
146,7.16630565604661
919,38.887733531098014
276,60.489979746700484
381,57.69268910955616
236,60.160601038391974
224,69.30027135530132
833,25.80778132904458
1000,28.53974360958299
679,32.59286847600844
401,52.87166363877392
218,65.99939864624143
213,76.60543633797995
172,-11.037759222810852
233,31.554291735707793
383,60.532796962672336
624,33.77835824779915
391,81.49788247152215
221,70.02354559615792
681,50.76078549511732
710,72.70974008470186
277,78.53208535905937
791,48.17348380519904
219,51.07322238888326
236,87.22392040713174
412,27.499502808148367
199,74.10806650392945
216,56.928864056035465
841,44.06810910928148
461,22.48477868083975
254,75.00712559601577
527,51.11744124891578
691,36.95152881817595
911,10.864995430693737
287,67.82043700992062
246,82.75790443172686
995,36.28421932797234
280,87.50601493756298
368,21.59574924045126
233,69.84799452888724
282,51.26657763946482
1000,45.23441338639285
246,70.60113497746227
497,41.94756010939941
403,29.13783201441031
318,41.419345745615715
307,70.88448449651946
204,24.780156789589604
484,21.824584349598503
417,35.36905185855114
226,84.72631797981593
292,18.16466491438399
332,45.992020747573406
224,78.35328609651535
558,14.584156717947751
216,61.850134733324744
298,78.71818984809187
296,57.05621309451151
222,71.09233414397569
287,45.34822847435598
458,4.769503435093192
352,17.08430932259561
336,55.14826374109217
247,58.573430964019124
245,65.91250714171618
306,44.98586148325019
273,45.89091640869968
245,39.975685036633195
434,15.375982722163048
325,47.9249019331829
1000,28.353039410214368
384,41.5106855118014
247,52.110414019581775
349,80.25961188055871
227,63.14036984793934
277,62.65781451198425
420,31.868657434931016
908,20.112246882869265
320,47.9147230524443
294,66.89713453551236
230,69.17472777628288
295,62.57740471904944
387,26.16384706319272
255,82.16960942298006
145,47.326662741006544
339,30.825682015807807
277,30.522958032065585
679,35.30528562956886
452,8.09176394353166
146,9.663009629172471
234,71.81849393164352
278,7.942860851479405
116,27.315681771725387
253,20.460655322736596
134,43.12930691483629
297,-4.324256443729162
173,42.58240072551635
152,13.287798939647958
275,13.411741315908067
579,42.87915932856563
125,-7.806643586659203
229,44.56938790446303
265,20.34793371406268
311,81.56557083625657
258,53.6306795650454
266,2.6061833784852064
698,66.72155598369437
253,46.21083801578322
291,-5.7133809735688255
357,56.45577696271233
334,44.58615012661001
514,43.22339455656089
774,51.5454580286064
350,32.37733524471235
508,37.025826345245264
292,81.04104862732969
326,29.311518769236894
318,30.9066129835783
375,-10.186261658240886
195,0.42644061177241555
333,28.62559804808
512,41.86233496709477
252,54.3366495478661
715,29.171433782142614
445,43.65175324049522
124,-15.632800183677684
440,-0.12528812439890474
289,78.0721874533888
278,59.05786634102481
431,0.7043910455993732
140,3.542059666754043
344,23.266471177302243
257,77.79226613151384
366,50.718991381430776
1000,45.346040328960484
517,38.797005119452365
139,30.03724493864743
385,38.338966390850025
476,11.219308979997752
388,18.117395978265847
331,2.1489342689447257
676,25.929064224780156
486,8.203325127904524
586,76.89461162202832
899,31.817749136857543
319,58.114363124712675
450,27.633331543113172
263,13.572799945715834
547,32.26312638475565
382,24.403867336403394
362,47.481714417203946
355,0.03856751116413372
321,84.83939906667754
427,30.561031003394035
137,28.18723632818375
262,64.56123594350005
299,70.62565907212344
647,40.39001356371708
137,44.1814598300477
126,-10.26496234322364
252,75.40656687871932
332,48.745801977571816
499,29.04109068328585
325,55.685264046185985
322,54.528392038859955
252,60.94538125727361
611,23.086368712071806
412,56.45039299921381
193,16.289872732121825
537,43.70332106186181
927,44.540492482350196
407,36.70766389801247
189,19.17461374994566
319,49.231332187763925
761,24.998060671040633
255,58.10938736609747
300,32.21065975422573
255,64.57020191393364
349,47.615078217992064
293,40.64333522005338
226,-6.3409780178167185
242,3.4419380497530767
274,48.89290427743193
301,26.228512868039594
650,10.777657909726098
294,60.09743974821645
708,10.624024080883027
564,57.65224536190718
369,86.04616420408541
524,57.28646075580056
353,42.524183775865524
598,14.542170543120008
272,60.789396693368744
242,79.21117023211086
371,29.51351690669436
279,53.38312982294498
151,-51.04240658522646
335,30.04156137840142
234,66.8704939195555
453,63.477002256981706
354,52.26865622830468
254,79.20939265479385
329,48.20430357117073
167,-0.5009668500106264
290,50.47846694029981
296,66.48572847326486
288,56.74583709835893
313,45.107110125453715
318,40.85790887540989
305,39.00840816265518
387,42.67670253396322
313,49.55922796696166
370,21.074667808009067
295,50.94411236414904
329,28.646454652571112
294,67.61075909578429
419,35.456660357787754
397,44.055897690259684
418,26.81337750382481
241,75.17671257013093
288,39.66294293735469
496,48.324711044189335
269,63.16911954677111
254,75.84229011114007
255,75.55532590376873
394,50.730786180773535
408,67.69299551268331
210,80.71577133917863
515,27.657637409002458
293,39.62966313899301
508,26.87312443197466
310,85.56987118852427
210,53.200147996862476
1000,47.686352341349874
260,77.94530804605495
223,41.239909841776175
384,57.03468694790774
435,56.17876316773473
268,62.656670454197865
227,85.67288851866607
417,52.81673335140484
210,17.380140450445655
301,45.166028222660714
408,57.946236020750106
317,36.20721614357567
142,14.04927711145828
373,66.90932695561976
326,65.12466727494738
133,-88.15126960018065
100,-8.192307569334297
418,50.18094193874722
239,81.59842819180801
394,12.110568338119645
263,24.586069977186757
208,44.04387640970653
840,27.14773834904504
526,83.18694824142067
349,50.597517355100145
198,52.49774966800722
352,24.047015298358577
95,-81.0853106671257
300,58.44159852856998
286,60.382923383991695
430,44.77748938560718
305,31.73467556116936
387,77.37870796323021
165,13.717116056129802
161,18.904110568532992
361,63.85509415754107
346,61.5268846611628
577,29.929745776000484
383,28.909400831545106
272,-9.195379921078773
193,36.116027703601695
395,20.31083718617246
367,49.697880928124675
267,0.7496944195237698
168,28.237017110158785
528,41.81656655310384
196,26.305263904245827
755,37.38280303360888
471,35.760688160548014
556,49.70304407948114
876,79.82785570944183
268,85.7167349474769
666,56.72588865292348
90,-20.333326321960293
283,12.352590833635634
87,-7.361156844512732
400,24.222403703381246
208,75.98835807295107
230,70.22997836801943
743,33.94756984167884
201,63.22038326999921
69,-44.433262794186184
305,43.600233685181756
101,-31.87799777130182
277,53.317537991620945
147,-12.690069354956893
229,78.15468587356963
83,-31.30360155386368
414,28.391923430896494
405,32.76496722542311
874,46.457496774855855
90,-26.69349948179224
138,24.673228006372252
97,-6.528673921588266
141,15.155082836037193
92,-36.657568223126496
154,2.3109388744924986
277,60.24046815464483
151,-9.919262231240502
236,97.84665397513335
292,15.306309544633447
908,46.29379957606608
238,94.12864941987239
226,51.997497513032876
521,54.78755039056917
303,70.36823971818892
266,91.53512020121683
273,57.098973925580616
121,-18.859909411962313
138,10.82681535035974
221,95.89057928061564
202,56.23347750537607
276,64.79803266732723
132,3.8638740924157364
516,93.5865410937759
114,18.909958996527013
101,-10.555772965632386
188,23.348207057877957
297,93.97104026663138
162,15.28970847692579
93,-45.484513452552726
106,38.839969756805
115,28.24947528375218
370,56.36681619313418
118,37.984891337289355
359,41.331376122703695
286,73.19877058823108
84,-4.546502834669541
237,10.635385158933653
198,73.67392566885525
112,-5.90334252755524
261,66.53017952541003
210,4.882343869134465
116,3.454136908575266
416,28.333447827504454
224,1.0114250512852614
205,84.50576201953947
350,46.4529785498456
383,51.50092153884505
295,36.08569085579944
672,40.71622417798873
553,52.89162812897901
143,13.968479537854519
273,69.83598301423153
310,46.02575544791075
1000,43.181960808174644
243,65.6085915004575
74,-56.120667754096935
458,37.078975458399846
724,19.782150155213486
186,4.80961125855441
516,41.88897861406899
366,45.56265131671325
238,40.728568887081416
283,56.63855050459372
688,59.23340875019784
217,33.031284144098706
339,36.12459675820558
445,42.67428255444319
335,61.60532602733299
482,48.17217719295081
299,44.36532207252333
292,101.99576880153992
275,53.0359367332196
639,48.36033007228206
247,15.945292131965209
486,53.67677560715174
315,43.57249787322671
352,63.04521228745337
364,46.07275567682334
150,-6.999560650128306
181,13.160608432581496
312,31.21104685316071
368,-16.740443652089276
250,95.0624176021866
554,87.06285687708127
113,0.28858646246957487
337,57.79644978231415
91,14.598156059257379
461,26.809891778276743
536,19.310270690189167
197,1.0340709741499976
158,-67.15073302776945
133,36.770945491899596
224,0.012255641874293177
143,30.45479431264241
174,-33.972312687987994
183,27.06451378066182
325,61.63231913872514
1000,62.77469626492369
221,63.354755703229785
462,43.826174805200296
306,20.980930023440315
209,5.461709007823544
105,-32.4669767783872
404,42.97989121036192
248,27.2155079916125
471,57.06624655661177
414,20.832535544125722
233,40.27414713428132
169,7.037601922113051
160,20.686558923067007
137,16.388564474909835
279,45.30261523228114
386,53.218332368174806
142,4.168572056664154
347,57.28614618552672
385,-3.2433802474253812
462,40.50202508144628
774,23.647725666405222
313,38.308254440398024
129,0.6881268847686338
265,30.435387320963724
512,54.51079411399981
124,34.560819328639056
300,66.72809387578162
173,23.559973008717506
194,38.548562799939624
154,38.33534226362768
154,26.657534676236747
373,46.09888122341484
409,48.26697660014248
379,54.927018272985514
329,37.416048188609395
169,7.009014523649268
63,-27.53950972036045
758,43.29559022459883
306,82.26850677943547
751,34.02272235525432
294,92.14538297873801
371,42.323299808503826
369,61.83257514967522
538,42.74433951006683
484,49.46247755777614
203,23.212938215103115
286,49.85254953180169
155,18.957509026214804
226,67.71231422985703
331,50.56147892510729
374,47.44040621320314
293,48.468995012176805
92,30.81902328600292
359,79.4731973438497
154,9.4850628190731
141,20.7864594163213
131,1.7591675333482224
245,76.3022875329456
150,19.55134935219814
96,12.257605638791816
131,36.04834942024201
162,7.123870858574822
270,51.30582487504159
108,4.860430154879084
183,21.808604042244408
111,-8.7241530064454
577,58.24346600254122
1000,42.03263625308019
318,57.52232256107745
364,65.38470717781547
171,19.2173123863313
122,-15.663826514134234
345,58.04964655407057
293,53.79789782600343
152,22.3147380132462
295,44.06124925933529
138,-11.505221496745563
342,62.87814261963131
265,45.76096953652609
264,60.109067860711995
475,42.07036526693292
635,53.07685098560733
603,50.84569668263993
154,21.441638551046918
257,46.042774596584756
294,72.97112663569337
127,35.61086093970671
148,3.2868725557130505
437,63.42580585816144
395,42.571454460160176
342,44.24342711342472
924,39.31749528524095
142,6.401533838843875
237,6.668706178750713
148,15.628171459894313
291,23.294772421774496
497,52.770636674102796
525,60.30845783606493
262,78.69904863941642
301,44.04020841343535
417,39.99180721132288
362,49.90722245371795
472,40.18684339773423
318,45.38708387119351
352,61.22323270570268
362,34.12914303582821
565,67.26793301023223
168,11.431178689419264
101,-37.86126715703985
427,50.87238279053184
365,38.172056449980566
607,56.54752002032415
508,52.3507928703708
448,79.30571488182659
328,78.05011377610803
385,21.490457782913833
365,55.09524058023138
261,57.86070899832233
402,54.831453656401294
354,71.65958824674094
382,80.65970383469228
272,42.034110770451406
349,37.460332801788475
92,-29.381844018760624
106,-32.614262952790526
235,66.96907042301848
503,43.88430139062948
214,79.68640364470276
487,35.555937340337294
312,43.49932679964914
299,85.75877963087903
306,46.855821505216596
340,35.37267565728628
347,48.73296607546775
357,86.0018372657211
315,51.56994231042942
351,40.79378607312864
345,55.39100946219777
345,71.64526409036127
256,69.56991130168024
444,37.37163674955061
146,-21.440724305797747
134,25.785872636109065
297,57.82923726095768
105,-43.008727604054414
334,56.91311063073761
120,0.12316161835475392
92,20.83457543751428
109,-67.3602607477031
239,54.60031124626353
336,27.489887395705303
371,55.84655984518474
378,52.954494370270375
224,99.7836974906678
274,79.19035949204844
153,15.343598961739456
243,74.4613675921245
739,50.013600458931634
311,65.14167284726412
116,-27.569966834299453
313,38.80485315973281
333,51.78820744136128
98,-106.92189607746273
545,47.98880278013352
413,77.68761522502842
124,11.993835230570971
260,59.6301960633373
375,41.70809188768475
420,56.89662095162888
107,-28.30294179843418
289,60.052714963205744
105,12.323091983524115
741,53.746086616686554
439,59.132756429826614
251,46.931135976729514
154,26.936477984080234
321,57.51625638639407
306,76.56180092865854
279,77.82578450544001
112,-6.892229648910317
297,52.01671844884423
389,53.6802778787862
284,54.33660712058454
261,65.84077489387657
342,36.08641047568956
373,35.758317283152884
432,49.67595159162712
400,64.48470371088153
250,60.68753659869461
301,49.6342699125115
333,64.90491830396724
328,24.59712335740588
332,60.41486368641039
585,52.19641315200596
595,9.107748258009469
287,83.84896289393068
235,56.77922512862928
316,53.731217614474126
441,51.608127204501294
304,90.40037407611335
365,52.22789001283849
287,55.76365392491841
261,86.34664136231167
941,33.42835332576834
357,84.62541706371049
253,89.7681900841296
352,55.440049075333
347,62.051856988223534
301,72.54970117586848
275,59.2749308087786
170,20.031802628038378
373,75.77680909112074
303,35.574067203810465
278,58.527233361325415
339,69.16848938510081
321,33.39017746770641
326,44.143597129069484
359,69.1674603823735
269,60.584390004436685
272,52.522505779337635
289,61.78379939836933
342,44.58894139738711
171,27.678575382670115
327,45.04416400321373
307,48.247245757564656
297,40.94202417531095
544,48.39424235591721
264,45.05405356128151
294,77.7664072340125
288,82.36274290235706
272,59.00335068884416
340,77.008176893615
183,26.97677115073228
286,85.16692877689006
361,56.70802000734011
165,23.167906618036913
184,-37.55746655410152
462,49.57304088877452
378,41.17602222142941
307,84.80413282213647
317,56.11491353166778
334,47.288443777079834
265,83.36626799926357
310,57.59377303888779
247,82.83480059728835
248,74.46360356683373
194,13.745303784474103
318,48.20628294370038
303,44.154029644024966
192,-7.933228512274309
352,41.102530923723165
367,32.844879205197905
559,46.02761313447327
290,53.2817225268024
326,47.45029546293543
279,61.854453161395774
334,43.96951340456124
336,42.78946868288967
150,-7.464207803610028
324,46.568554912883464
514,54.28846283419861
164,0.91537073908538
219,11.3635168703622
308,61.214235785924316
64,-43.863731285491774
418,47.7996482561671
587,45.99099133488044
293,56.14111257660876
80,-51.84505115162901
222,10.263401743695988
352,50.875949021637034
324,52.45686943742774
296,62.81664751845401
279,54.49847114394956
296,-2.25181752716198
336,52.06872962605498
260,51.241008923915054
277,79.62545409852027
284,38.964155509135914
368,52.6676307921012
302,79.3012841747831
270,41.78923545542842
315,80.33557879507322
308,76.89837454676045
419,52.77979625314665
289,38.27191211378212
150,20.106491836683023
277,60.872257262687874
168,5.927306764135804
169,-57.11381524563882
392,27.077888315574313
338,48.78886556567386
173,44.11782993413278
346,55.54136184101182
270,73.44455629124067
368,39.751872349956194
391,49.33969452065282
274,43.857369518172646
339,36.89103941349053
397,36.79183421238708
326,60.84870226075955
161,16.76930356302557
281,66.05836524827794
325,53.59019440330602
283,59.60598642778466
277,62.46680842393016
379,56.73922273555378
554,73.91888443733362
562,34.88420742875406
554,43.417215456793805
269,46.57519655746563
295,53.11530931819005
433,70.88200855021628
537,27.611978566661033
322,61.05817041880958
336,52.15513186379144
323,50.94256049539746
337,60.04460271582153
269,66.47788030341263
279,58.15780352814341
215,23.337828842747687
303,24.040441835662403
172,16.91299688783959
420,43.74146990869047
373,42.41862279936162
132,-27.62386224170327
203,39.87452386327702
279,75.80499279006673
391,38.34601243799399
576,47.61061505093511
711,38.76728194934319
734,34.82858954535037
305,32.21572900770851
311,56.76233794493403
249,77.42484636075076
1000,38.88959680466125
517,46.91612637464127
346,56.68488061168164
684,31.09921491149771
141,-74.44437835261998
652,76.2200827698246
143,-0.6298024988528427
366,43.073110351860834
417,41.56911316675745
336,22.141872067134557
511,67.32837600497051
424,52.780568791518824
362,18.35742454481856
583,55.70069582754697
159,-84.07093377061715
454,45.61168238989423
312,65.83464476667577
421,67.60924333242022
503,77.97907751850796
313,80.83165532143542
280,46.97812131858662
381,30.99362853311384
474,45.4114024181581
441,43.13772920813261
385,41.443628114100626
409,47.22717291125947
317,62.56498047542057
146,35.88477401298889
379,84.48885477040663
401,71.81853253321562
319,45.47091182241549
286,53.18373044297823
290,75.11330571949118
174,-1.101372177965578
689,46.857992350557296
301,50.91240696952577
171,-53.412924001181224
346,75.71380998103612
264,53.860537770883674
472,51.46359758604061
288,44.272485874264135
362,49.43053919404274
255,66.17346131328435
610,73.00223789750349
369,41.84742422894815
503,34.62776537338476
207,18.528034858435458
995,45.96069179898686
299,52.73539054284433
258,46.868312664224646
977,56.8411297528282
256,57.61654082182229
389,49.81352454808268
170,-57.521127273030444
148,-58.21428670687344
333,61.30915729569354
295,23.724681711308712
182,0.6321439199238091
230,87.95763106314044
371,54.00082855354225
305,38.119271005996474
169,-42.16614763579113
376,32.79193663268078
306,83.62409310972484
236,-48.65520250097802
289,81.53983954077397
356,47.23747397654579
227,80.94109327303124
304,45.533911349342056
203,34.23847126764952
315,48.92659080835232
228,24.186381977853053
210,56.86304003296368
171,34.88594944678138
163,-18.01213639646008
330,42.884077031557574
318,40.051856570053516
300,49.19937650450894
133,-49.644583535725126
394,33.80471418819875
323,34.37558433809777
170,18.554347615782603
285,64.01400238092415
119,-61.21252679560314
314,51.527455385119836
262,49.79180373766919
426,62.44604271585348
468,56.869393587278395
281,65.87033177389206
265,46.12390411022525
238,60.565755475973184
350,77.16999772235116
247,71.95725120644367
162,36.939912612461505
205,34.115345670489226
245,41.11542833838954
308,41.841992476576856
251,56.15419863876348
306,49.031782703783186
328,50.77468470866731
514,30.102951134330834
299,76.81171520637882
470,50.458668813498484
255,63.3198886163364
282,46.8616815539392
279,57.763401305781635
270,80.30855498423634
585,44.45994868221197
274,43.355717798852794
258,35.441887088816486
174,59.669780242799725
260,46.87680856215207
289,50.616768536632264
406,64.56527393501177
382,43.89667244418228
256,71.85550054799712
365,50.09525824904405
241,30.489618691898528
902,36.944875655570335
262,80.87452054917425
244,81.53653265824295
464,38.473141855312775
237,88.14458505123471
302,57.747689862979406
260,68.28680036245677
354,57.99585022375462
256,81.48071154009845
264,66.13724307931173
268,46.99662790469482
272,47.84557074217211
294,50.22383132910269
349,37.998009374164994
219,64.50706979495712
688,39.187860515875634
330,67.15238612695262
410,45.95156619918818
298,72.03379686239387
279,53.345623855425906
247,36.404407307704254
366,86.05312463390183
260,82.65661301943078
270,31.213659905754504
538,43.65612961643207
265,52.250665790398905
332,29.585601368710577
226,54.98967098305721
305,58.32809864918357
318,56.78470818958772
400,67.35779467204947
266,75.99379134071879
825,35.617053255390815
276,18.176210416025615
201,61.49641947382153
186,42.31648381127758
238,63.05045703036355
385,85.1543023075447
381,60.356970350938276
296,47.04975049704671
225,72.861702138663
66,-167.59457279652358
286,50.05242988771147
507,49.22004921877196
498,52.4368741613956
268,47.0241562930405
352,92.46737834635474
216,-29.532043026813422
215,78.97250190344582
148,0.6029837533575411
275,74.66768791904106
193,110.71490909522684
252,53.41652919541631
330,34.49586030820109
250,56.33432795793302
308,23.83857956792022
287,49.24837731938376
278,47.15711692800369
237,87.95069285633147
214,81.64262060344038
228,71.79522715980661
343,41.9909248939005
226,65.01640762420048
314,59.55887012082674
312,26.354976857797503
246,50.35358590234625
351,22.23753364479894
241,59.202127817446126
280,33.37474674767629
221,52.76155304075679
216,52.99985029877808
414,54.34791283518844
341,52.970866725864205
244,44.67121568440069
275,56.67832245642901
233,92.80915898587426
233,86.3651331622032
666,37.1009631852702
297,89.7868828075919
371,59.671269481799065
200,-139.56869058287566
109,-10.96184128474511
97,-3.439705495385925
313,62.59611413586452
335,91.58723863547932
259,68.0128107034002
355,60.44480567854837
229,66.01748032776582
270,-81.92618610016184
266,64.05056073952511
291,52.91517751016652
231,68.74286108922067
165,-11.510720065604765
181,71.12603937024289
193,114.79585003764377
190,84.89440025285562
240,65.96068050411462
416,62.8863374697487
172,25.91782947213881
220,59.00722418337044
506,60.4372887948354
99,-7.801533641951084
275,40.349596203818166
243,41.53317993440978
331,77.41602179796611
177,40.382955978091516
531,57.70841026590776
335,60.15145363657642
261,62.104083124645335
343,63.187309572435396
275,50.23200138550253
279,53.20350231943824
226,80.12037537313019
263,58.09009458287753
250,53.33407635618559
316,64.83986851186499
397,34.31455410860296
223,65.85043105734117
143,34.70890741334926
319,52.534781732435604
219,66.6499981831783
184,101.53024791036782
199,60.84403898728497
414,42.8580116748291
340,45.164678330116516
256,56.040657322199976
252,58.702464903732356
215,104.68852689222187
266,53.40572705591014
280,60.40145061820279
193,71.79881696175804
515,59.140102972613306
225,71.06998348235084
342,59.41651892381139
265,55.855452063657204
321,60.87932358071295
293,38.51484867625569
202,79.99036159718474
469,53.69068613833047
242,66.82657540782074
327,67.5922054173631
112,-27.27620459426845
282,52.69746845168631
377,51.75583854207652
296,63.29598579729061
284,64.17341698822662
236,51.04058523119377
249,52.3489475473658
240,86.37617572230307
221,70.98317295758567
231,67.22126184388246
178,1.31383811910178
389,42.49238335515725
96,16.83628753926377
202,86.63474477222114
255,64.68455699733224
282,51.80345050110497
305,55.443795675409
332,25.46066014114324
384,59.937448154001686
241,60.24829674712353
122,-37.80319048501515
277,55.351353489429094
392,-19.34408478613788
290,51.65639722405457
215,93.03891084877732
88,-119.45603562462324
246,50.92943145376547
220,46.982455372604456
178,14.268276571985476
353,80.65636139448426
215,73.2634807360065
207,93.43467321306261
369,41.66649086876295
500,49.26365972815177
265,69.95942021892708
355,61.03712564100381
320,69.73733760177569
354,43.10716351919657
121,0.5627198060053171
266,89.12089434665872
113,-18.19138941773348
232,60.21016547460867
256,8.467534873863121
225,76.31497182817752
259,77.15955747435775
273,65.62905796509017
290,49.1136309366867
110,-63.88607951354058
187,23.647029392965187
153,20.586062263144267
531,55.19602540944118
784,40.518634222071185
223,96.82875644538801
148,16.19448919238368
279,55.02543838552949
434,-20.887392214837455
334,63.57837304537573
311,41.15987732455045
244,63.662010874299675
379,40.32023348684826
250,77.16959973548148
265,54.863103813421795
226,76.91170854046139
262,62.486515711629785
214,93.8372230078926
236,70.91341018758743
444,68.62205248788597
370,51.22676895636402
109,8.169251800718987
305,64.96977155264436
260,61.78352912799271
374,52.45648320036923
210,70.02762712432737
388,83.50512744567494
435,41.14238234545301
201,89.56922298435788
282,78.12206540257667
335,56.996427276736014
346,48.965183344545416
791,32.4345306290382
263,61.46267347161533
379,60.144808136002055
183,7.534859341576045
333,41.68874056639737
286,48.250541404014434
288,35.10440969672849
273,18.554575717391188
830,64.90799059552596
335,60.47480204880789
308,73.59812425386222
291,51.864161451841305
281,54.45089233175052
274,44.51731010207187
256,90.71122295766932
241,66.95382497598968
493,58.892365029016595
631,31.73363158482461
299,25.89194396062957
298,47.507550712346614
282,62.053984375604564
299,56.38338485700734
415,54.9533029172288
211,68.21077823577117
248,5.899060016093736
551,39.45959107137368
327,6.684630853733116
254,6.5702537425207375
300,78.94590599565501
349,66.13448458084208
494,65.08942357704584
228,59.92213128502046
310,37.7238266332072
255,60.428765351994095
336,52.546801869939145
199,79.60221122513433
223,84.66896612459495
285,57.993057052853175
405,40.02757830980113
128,-5.0367885439653906
263,61.15983416072523
171,-32.99285581286087
226,11.163398378788216
414,78.11564781966821
169,98.64984663756215
206,58.69543396922938
269,52.92628505385474
297,52.82227591809624
259,74.09407437358195
235,71.45189445704064
247,9.021392362796849
373,56.333746320741376
254,43.27047927469328
475,92.08589565772755
265,89.84754656919904
378,82.13784874596152
1000,52.23532397400756
236,57.683145676867085
217,96.8978019342685
460,51.410117726296995
180,67.2108686407335
280,74.98086227693715
659,39.54316571924728
170,52.00661634523439
299,57.52335738670401
257,60.37414603274405
172,53.37382237019706
382,54.742797806755256
136,9.234981918089934
270,7.641638658471878
177,69.85225669824152
504,-18.650990319454806
227,59.4699887542059
306,58.832721774408476
363,58.39767515979507
267,52.951121653287544
224,80.42823400790856
315,36.24543990606237
202,94.2856748592332
405,55.13500818188749
251,46.12560558140076
249,47.65799778687466
348,77.41026461456812
180,60.11285531171612
256,49.348000614937824
297,49.39245463546811
163,32.135277837270756
270,47.395446745833546
82,-10.2014269286427
252,62.22494013190287
187,52.40681557215818
247,59.09232215112262
207,61.2713629976846
105,-83.17741510810211
174,-64.96099037009995
207,82.54185513915924
292,52.187536775309496
176,-7.237205741979036
94,-45.26628339795233
138,-60.55941859169528
288,84.84493074808988
419,47.37694224272175
151,42.295214955835775
204,75.78058367617948
227,62.666956856121416
100,-12.05493314311339
230,57.374821111104346
263,55.468992031988144
469,32.931682606958475
157,-2.436275746567861
122,-8.029056884763197
118,-3.1258337713728856
197,101.79802511074027
362,33.68521802242206
208,68.54461918877644
315,37.02811187167215
148,15.911143559362346
264,58.54993065004623
216,64.3113696054998
176,28.479198978411965
211,100.18448012791497
355,61.07670342123132
252,58.32932318702785
270,40.42011697864151
336,55.39536446909122
275,57.458416172350695
325,80.28157861587802
271,51.70818827359623
284,47.63631490540338
561,20.714941894584403
267,89.26021467236443
125,-19.694665100374447
413,56.25714444865777
294,55.39008898543606
268,53.80992244513049
257,62.3009594067864
291,47.43795638267538
191,98.47510802179497
141,17.08569860801183
288,35.620784381323794
217,71.47160944982517
275,50.08473960920779
239,50.948599296793326
481,59.86152310318441
343,38.58523203210025
200,98.99322463233624
288,76.44650438265282
216,69.26235986374083
329,77.24968279141284
297,49.96285389905986
201,91.38893869760746
226,47.290098374529
358,50.10479517809741
195,63.33960414408767
256,68.97793066874063
260,60.05368750549656
621,70.22590180391869
244,70.88137293901008
243,54.8520216382168
352,55.26942350394162
242,46.433759833080586
206,86.91485818675149
331,46.023793169366414
275,61.36778662584061
322,63.8897810800069
298,41.176891123351254
227,66.72206908514052
252,68.6334658582721
129,-1.9420118247422733
278,62.39681434016447
245,63.389152621916296
207,45.18880719833235
253,74.59113997074626
393,68.4070598326296
1000,48.740186217803696
302,36.58453669231167
352,58.38751751961727
317,33.86886947393837
169,51.57355744445163
235,52.52443373175686
272,55.18601445566542
269,67.18821420108662
247,58.174364039053046
201,57.90917271074213
331,86.74795754501334
217,67.79608331247198
305,28.81766945474266
206,20.48930703521131
192,88.76199397527462
247,62.50083089916405
268,40.405623221808355
216,79.24564791547714
212,74.38366657603719
220,68.14993694925633
293,67.51267214916034
483,55.306018431084844
266,40.24368262718548
317,61.552862757825096
249,67.38588818429396
406,50.41668534191733
204,55.01873445011425
235,92.8808076018752
120,5.516807796779391
233,76.76274240712424
280,54.238590773747504
239,64.14719335681446
196,106.6148735882534
240,40.1666790983066
159,-1.0592916749789063
238,67.91032497414649
159,16.114243649045967
270,60.429542013310964
280,55.50416574242834
293,61.56416215389485
213,70.777724677903
202,56.359147849646874
229,61.79699820570341
287,85.52734121245676
214,74.17184166685433
208,79.10127660351665
221,69.57425442984675
322,76.07132889704503
208,25.65919741976907
302,58.82815625449929
229,64.56724197635485
223,79.57048716292286
219,71.91780659636147
217,69.5514152501746
240,69.18438316640214
229,62.477631175328625
340,41.13026779493896
234,83.10366280536286
246,68.21049189872151
179,98.10663872887655
222,83.7425404899876
202,81.98280211285525
476,47.44159747983248
295,58.546514455766435
248,63.66328502954117
498,47.66949057688529
265,74.95480500156637
298,47.888688738761644
232,88.93098006280593
216,85.12986499077093
241,57.090805097360175
204,99.38425634209466
416,47.025561411582274
296,58.19956789121303
252,62.98424813401935
262,80.83738463369616
282,59.93793034950899
227,45.14777507829849
457,44.981855990203535
246,73.18337281972086
362,54.30261531620346
225,86.15860769698658
212,80.62863615619823
250,57.32133102880423
203,74.78683877328442
275,77.84125551517602
229,56.51709737445768
291,42.39635876530476
516,44.27767963013673
215,80.55360997442683
274,85.36508442742104
236,63.14403844003488
264,90.29040242199603
252,64.63008441299114
275,46.040875073418434
287,49.059176400037515
233,86.3790544807632
495,45.83428816924947
225,72.53748570848619
224,88.52045188388274
205,88.85524940783984
249,64.37393262411454
175,36.58488562025839
208,72.76990407075556
144,26.862971290503737
149,21.44029407221808
369,66.97280432707433
329,54.10571320289922
226,79.43009549612889
338,67.84349559565025
283,60.91455412807388
192,87.65902671870172
213,74.80694054916654
212,86.27879778084728
246,77.09571316846723
443,48.69150005172755
231,82.66507718255785
350,34.10819870470023
219,52.16813614993671
248,52.657304812123684
291,53.032153442063034
322,54.01968231600727
456,31.397960778461528
283,56.34564533478207
367,77.88240952587812
350,41.137883881289106
363,57.963704830945744
155,40.80917265519971
349,54.69687000527123
256,69.25252079551849
415,84.20901884181838
230,49.30690196373375
303,54.172005150292065
494,68.55659471904693
272,87.10455197910963
393,54.8915525778189
360,49.989412880795946
284,67.59188022354091
219,90.1693681775228
273,81.80240769525433
292,63.68712925271367
291,55.908007332562995
295,49.416255539214575
201,80.41602801230376
327,44.53203625203785
218,86.3101590822484
255,49.19966117781619
253,74.67095104973362
452,44.47032211056848
604,69.17473523901945
429,52.91473894732089
218,58.76582756236974
225,80.71324887703378
214,91.45015478554596
295,76.29347115338881
262,60.35080673198428
269,55.29453663128202
357,49.3446268549677
269,51.899211648520975
245,89.46107760920438
700,39.7922336217606
362,48.70257846642238
272,60.4963293073672
342,52.46872389578569
237,86.62109446163227
274,59.27509213620399
250,57.37554585894192
224,57.15116341055091
207,77.84296742165893
280,49.90069832473067
185,95.1466708894229
207,84.54779083716488
268,56.3233145706455
216,67.6719875292958
231,79.53803282334424
107,0.08657568697854306
239,60.55739324786623
385,40.87618141623165
248,75.2962930909639
168,-3.525891999363872
359,45.7381237790461
305,59.403617391037415
218,76.67592461382556
250,37.92251183318584
187,81.47079872179032
243,61.50618141139431
205,63.081569578146656
284,46.79301296508578
220,71.42148194280402
215,51.04421309960385
251,87.57241498651786
202,88.78067179989236
229,70.74495649876837
245,84.00963077474941
304,94.4172828518552
201,99.34037450309962
293,58.970420659519895
206,-36.74260926893338
456,54.69345735850167
173,120.19178495730657
207,52.766995513752185
356,41.189227378125196
215,67.6615098265312
250,44.96524367725514
260,43.02248440513507
228,62.085137424408266
219,87.05206826158218
189,59.05999336813267
214,39.51593581420258
260,77.1606877492463
197,69.90917105634492
373,96.66375010249038
221,59.88177188373919
322,26.214528701930654
434,37.9077545271392
143,40.7300180815695
554,33.85097636255984
237,59.368700515061214
236,69.79980423893838
238,79.46066082840416
236,77.89960464668523
241,63.67465953140964
317,32.78621721248265
304,41.618717822756096
154,23.962660428536037
227,45.45889356251346
242,53.056028745721875
236,61.305441646115845
166,105.37196839051465
286,87.50911445121943
194,56.60403896946262
469,52.90729313924904
177,74.04326419250319
333,60.5398653647944
191,90.75788472362323
227,61.88979412174727
305,49.23225852855047
263,41.92043361192765
224,90.48004041605078
191,89.89154430861039
212,71.31972050783374
199,74.4530175430492
258,84.96112267951294
201,105.00705936444326
344,64.86833983463971
193,94.15262929759778
188,70.94377183599332
1000,27.226328757741587
232,55.586362417393815
634,45.889584831893615
233,66.93568241261393
567,49.80656816393053
147,13.697129835919016
166,79.95944356477747
220,67.82505657228486
295,62.549935149518916
115,3.8930250482855895
236,71.72352067132047
121,49.59032939320193
216,47.06981220540326
187,99.58392852993485
257,82.73936557737012
215,64.16076234857438
287,58.42310103523036
189,94.58454542499088
200,77.48691001582282
219,62.1432352145279
218,70.73641426210493
258,69.18731156519445
1000,52.020398743849306
226,62.85413296207475
274,59.683672080706295
167,83.05878770443559
331,60.83545491861956
390,60.175608625365875
582,-25.935132382179003
157,16.10480061418011
297,55.850049815369765
166,115.11253327331798
278,56.562861653755185
270,53.30569148627393
231,76.75704198419227
374,55.46537107055703
241,61.69858459649571
199,93.62679869949905
95,42.67687804497105
125,35.08913822624962
61,-48.27709820937374
204,95.49198857745482
207,61.02108254127318
471,80.60365858062121
113,20.981872192653327
257,89.28714394365396
190,107.60120113160916
451,40.85201035059076
263,65.85229906317662
93,16.432667704291557
305,74.09732352330906
324,59.799407661995474
264,34.94926356822232
248,89.67305690749639
116,56.109890295842824
164,101.67992821643581
276,65.39741661664168
462,34.29211731837224
370,50.55713896864485
330,46.65649064989434
187,80.17865785553558
252,57.314498732649504
358,42.19753455229316
144,12.19563131909365
230,52.4516290401305
223,49.01970232186768
336,32.78664490754954
267,57.77490680733238
132,35.27993601568225
142,5.163569801613387
209,38.71313785566571
142,5.0385294330020995
319,22.013493392407455
291,27.380698879346358
298,81.94778065341539
378,22.545718396110992
80,-11.568551254248987
261,61.17286068730493
257,65.98287049211298
260,49.956048651031956
264,65.63385348526923
145,8.603511903360799
411,-0.19620574329120044
237,60.168263272769515
178,82.50443003781211
221,84.4764055958744
870,25.456757315021704
332,34.09638714511194
129,1.7463024822464126
139,4.311561156912363
286,57.13607618600362
283,53.22463356693351
197,60.883953587656634
129,-10.620172604071417
286,44.74711285221384
139,1.349080041097801
1000,50.149244678222175
138,7.046446464895043
241,75.09279192524261
396,37.324061132068586
248,49.820624603033835
272,51.476449899505425
390,38.28254279476681
248,49.054791685810834
137,3.2147528132328738
95,-6.131558007602312
121,-1.3048401827296907
293,43.068718291968686
118,-11.760725463088217
128,17.905914401172357
179,98.41715666714433
275,58.95581712996842
431,47.663491693794974
281,91.44249474758232
81,-30.749373761207252
215,61.33215609575678
234,52.73042778618204
306,48.81701319875558
176,44.11742766924096
105,-84.53002388637232
63,-40.306579867893014
112,-4.419758657128428
57,-35.84137582271179
101,4.252288718289174
81,-143.43925637500828
240,56.71070131943851
184,-63.25055184728971
72,-155.43888026058906
221,74.92827909039036
127,-8.713621725422698
139,5.61256378108658
828,55.53527475419722
259,65.86373370304648
326,62.74390823710876
179,15.119483455365067
265,65.27572681767639
116,-11.0412733226158
267,1.7167611416202524
249,56.19392533567718
66,-72.91863244579137
128,19.298411591632558
88,17.135080695988872
102,-28.970648592821476
122,-4.693586813462544
297,53.62088376667247
248,-43.835710110122434
229,50.82045605450806
269,63.52550902228622
324,75.40420192773713
82,-103.34002066049192
115,7.869017017287858
245,34.75584974327111
342,56.4871488192076
757,64.22203654607833
176,22.499339765053893
283,65.13949776940079
138,-6.60383631430944
471,53.8621485780383
233,53.73734682022222
84,-243.90342518439303
124,-4.974729019292003
211,62.414024592827005
92,-23.29042871483086
104,-9.357040099345625
93,-44.41124346216979
82,-10.196257435486618
74,-48.305870807725746
110,23.758607492501085
215,60.09864876528059
272,91.6364464195977
123,33.14851160005069
80,-145.53395656791324
114,-15.154150872307012
123,-5.455135655149699
99,-53.32079987172451
434,51.149838253583766
118,-6.728475968205705
107,18.3753036882833
171,-46.46602092384743
127,18.75248183150098
117,-57.184887050876576
58,-102.72676851474193
104,-37.4610696641439
113,-25.05390889231699
194,69.43438261276184
149,10.337299308055261
93,-56.02446600715894
127,-14.482887617073837
128,11.895692344653366
196,24.45636389893404
141,45.41957008322076
109,-90.32372896760698
111,-30.546619917694162
145,-28.341311348196918
97,-28.794496247066835
213,84.08969782288264
70,-24.4060650467377
114,-46.5263826748141
125,-50.75265178645368
240,-257.1015011325169
131,-29.602814383812234
107,-23.044948999666826
181,69.67407877981444
97,-71.59075201598694
113,29.59749676167029
311,31.331302779861197
129,-42.430050805278285
89,-38.40113878495612
108,-78.97739446538968
86,-33.19099087907518
121,-4.176807301953001
110,-11.494752269952029
135,18.997162010271023
120,-85.79285476844254
302,48.638814383555484
133,25.79468657568237
123,23.899990955958803
131,50.130342112702756
133,-81.70475091002518
86,-101.75566364890483
92,13.703644238792183
64,-86.31604202043874
228,53.899740904426224
131,10.300448671561318
80,-142.37590986574304
147,54.373623059745945
68,-119.9290997273974
103,-84.63920434628795
125,8.073039024163215
64,-131.84194455345454
130,-13.252368665432396
219,4.95050415504626
165,-24.318494324969652
95,-95.80310254621236
111,-10.140596302656936
130,-6.8287922646186106
129,-88.4186921939138
90,-94.185660006266
141,-21.323462252369023
164,33.97068342145658
161,12.882443900632579
79,-90.77912914555081
94,-103.50397595153042
78,-108.30144314320187
128,26.551237395369085
828,39.51587545521654
94,-143.02510076669475
124,-4.403780963998852
94,-85.62576649211469
154,2.529161774230741
121,22.05633020503508
136,-32.612364925847544
113,-1.2145022288304468
107,-28.801085518215597
138,42.92553716481609
238,12.74714553890578
84,-7.505382545219889
96,-96.12808396272034
282,58.39135992258246
95,25.502906062965348
93,18.07741248922079
817,51.49730042617408
105,-16.803046667098975
120,-124.3591075532417
1000,55.7762793426227
1000,51.82329606697403
1000,44.61268825635536
126,18.2252689982991
121,9.672200091168456
1000,41.439315346743065
917,24.851659353564855
99,-6.664051561550288
85,-100.31889283148918
867,45.18849553483309
1000,28.34234480892935
1000,17.306485547391116
80,-89.48749275092187
110,-30.663627278419845
1000,46.031852885612906
1000,24.82832518291037
219,0.5869021278978622
117,34.97135000167581
1000,37.881760081108744
85,-22.671291566328946
1000,33.74835820560434
1000,60.165626162885715
671,29.147117177355693
96,-52.99420024475179
135,1.47620224449032
67,-37.98972960307467
143,-7.421919112782944
1000,32.76687335148364
166,-11.222988463296733
171,-1.164011818931469
1000,53.579478954459745
86,-8.211884001536742
947,31.280093973409382
97,-89.02317061062344
776,39.19878731998538
96,6.534414756791296
79,-10.822336186707897
133,-16.70268458079351
65,-169.8673870707273
116,-28.0406780299078
52,-24.786684505767123
134,-107.93262117269936
93,-44.75734270181908
142,-9.763083506354782
637,8.811166457677098
99,7.485289951179751
83,-174.1388653249856
158,-48.10099452941098
73,-121.04032083699545
91,-19.633166864383753
138,10.358225960775332
89,-54.845236312723465
92,-59.40762650574506
82,-28.42766051984738
118,-8.673716700620568
126,-13.662281876142226
1000,36.8981967987275
147,-37.94905404752899
892,29.889499443815403
350,29.62671166679259
169,-10.13062234565433
175,-16.350713580274817
62,-23.13909585981975
470,52.236420809144754
100,-25.75015070890103
100,-15.855437665120144
121,4.044240028458283
174,-27.23667227530267
158,9.466556631764655
450,41.05298445589862
510,24.942160723144685
82,-57.02675653155524
112,-10.258774311905523
460,37.12328630110374
208,-13.50085446938258
296,30.247815224180815
157,-17.078294080680536
174,11.481130772714229
307,33.44651401909452
302,22.238573235388245
224,10.492335086198288
422,40.47969983910369
690,22.147075606775232
374,32.5833527385261
108,19.49946760158884
583,41.199063259777354
1000,16.899051404189223
797,42.97634227532884
746,47.80716845422257
1000,43.01534046021224
182,8.790450479637881
1000,43.238453579269475
87,-75.40354405119014
1000,45.60992678880874
715,40.81683029856428
1000,51.13354671337645
659,48.96276094163451
623,34.02764238842676
